[
{
    "model": "website.kantorpos",
    "pk": "25b62745-8fe3-4ef6-854c-4c156644d7c1",
    "fields": {
        "kode": "34500",
        "regional": "3",
        "nama": "Kota Bumi"
    }
},
{
    "model": "website.kantorpos",
    "pk": "2ba3ee9b-a157-4700-aaee-a273da2366a5",
    "fields": {
        "kode": "36000",
        "regional": "3",
        "nama": "Jambi"
    }
},
{
    "model": "website.kantorpos",
    "pk": "32ef2058-d986-4f3a-a209-e8484ea5bd8e",
    "fields": {
        "kode": "34100",
        "regional": "3",
        "nama": "Metro"
    }
},
{
    "model": "website.kantorpos",
    "pk": "47b282e4-c82a-467a-9188-3df9b60ee190",
    "fields": {
        "kode": "33400",
        "regional": "3",
        "nama": "Tanjung Pandan"
    }
},
{
    "model": "website.kantorpos",
    "pk": "59ca00eb-5c4c-4818-abc7-87f1f5ce1d58",
    "fields": {
        "kode": "31300",
        "regional": "3",
        "nama": "Muara Enim"
    }
},
{
    "model": "website.kantorpos",
    "pk": "640040e3-a219-4f99-bbc3-116cb69312f7",
    "fields": {
        "kode": "32100",
        "regional": "3",
        "nama": "Baturaja"
    }
},
{
    "model": "website.kantorpos",
    "pk": "83560968-d53a-4091-9dfe-2b0b1019cd63",
    "fields": {
        "kode": "33100",
        "regional": "3",
        "nama": "Pangkal Pinang"
    }
},
{
    "model": "website.kantorpos",
    "pk": "85e421b1-8318-4437-a961-e7b226110e1e",
    "fields": {
        "kode": "30000",
        "regional": "3",
        "nama": "Palembang"
    }
},
{
    "model": "website.kantorpos",
    "pk": "98fbd1a0-2234-4f75-99d0-0724c76313e9",
    "fields": {
        "kode": "37100",
        "regional": "3",
        "nama": "Sungai Penuh"
    }
},
{
    "model": "website.kantorpos",
    "pk": "99b96acb-995b-491f-87a2-21ec45d27fdd",
    "fields": {
        "kode": "31400",
        "regional": "3",
        "nama": "Lahat"
    }
},
{
    "model": "website.kantorpos",
    "pk": "bfea7253-e2dc-4db0-8f1a-edabc2f4341f",
    "fields": {
        "kode": "31600",
        "regional": "3",
        "nama": "Lubuk Linggau"
    }
},
{
    "model": "website.kantorpos",
    "pk": "cbbc748c-f1ab-42cd-ad9e-b8ae890fa246",
    "fields": {
        "kode": "37200",
        "regional": "3",
        "nama": "Muara Bungo"
    }
},
{
    "model": "website.kantorpos",
    "pk": "d50b2721-2dcc-4a4d-a92b-02bea5ea26ce",
    "fields": {
        "kode": "38000",
        "regional": "3",
        "nama": "Bengkulu"
    }
},
{
    "model": "website.kantorpos",
    "pk": "e224b8f2-c379-4a55-9386-20dafa7c273b",
    "fields": {
        "kode": "35000",
        "regional": "3",
        "nama": "Bandar Lampung"
    }
},
{
    "model": "website.kantorpos",
    "pk": "e28f2dc5-728d-4ce3-b07c-b7b5bcaf4730",
    "fields": {
        "kode": "39000",
        "regional": "3",
        "nama": "Curup"
    }
},
{
    "model": "website.kantorpos",
    "pk": "e480b600-00c6-4245-8651-ca3aa4575073",
    "fields": {
        "kode": "31100",
        "regional": "3",
        "nama": "Prabumulih"
    }
},
{
    "model": "website.keranjang",
    "pk": "3ca131e8-ccb8-4876-a19a-8bfa971d5707",
    "fields": {
        "jumlah_item": 0,
        "total": 0
    }
},
{
    "model": "website.keranjang",
    "pk": "4ba3298c-d2b6-4c6d-80ed-56cbce974b83",
    "fields": {
        "jumlah_item": 2,
        "total": 14000
    }
},
{
    "model": "website.keranjang",
    "pk": "54e75815-a254-475b-8fb9-10159d67e71b",
    "fields": {
        "jumlah_item": 0,
        "total": 0
    }
},
{
    "model": "website.keranjang",
    "pk": "57e7ad1b-4420-4419-8fe6-1f6c005ecd9c",
    "fields": {
        "jumlah_item": 0,
        "total": 0
    }
},
{
    "model": "website.keranjang",
    "pk": "5da36bca-bbba-4e64-99df-c4b897f9fc7f",
    "fields": {
        "jumlah_item": 0,
        "total": 0
    }
},
{
    "model": "website.keranjang",
    "pk": "5f45c127-a4a5-488a-991c-192bf827b683",
    "fields": {
        "jumlah_item": 33,
        "total": 107500
    }
},
{
    "model": "website.keranjang",
    "pk": "c3acd143-b25c-40f9-bbe5-1ded94239947",
    "fields": {
        "jumlah_item": 0,
        "total": 0
    }
},
{
    "model": "website.keranjang",
    "pk": "d3e598e5-9f33-4afa-8bfd-93b34b405b67",
    "fields": {
        "jumlah_item": 0,
        "total": 0
    }
},
{
    "model": "website.keranjang",
    "pk": "e5528b46-9c2e-41f8-bf04-9f8c697ff245",
    "fields": {
        "jumlah_item": 0,
        "total": 0
    }
},
{
    "model": "website.user",
    "pk": "6ae46f20-b9a5-46c7-86d0-03b44ba971ca",
    "fields": {
        "last_login": "2020-11-12T14:26:44.456Z",
        "is_superuser": false,
        "is_staff": false,
        "is_active": true,
        "date_joined": "2020-11-12T14:15:48.587Z",
        "email": "kantorpos3.manager@gmail.com",
        "first_name": "kantorpos",
        "last_name": "regional3",
        "hp": "081234",
        "password": "pbkdf2_sha256$216000$3ZcOuumUqThJ$2snW55+8yXRoGmXywnHyY/tOIRAtLUBa/7e7xSl0QoQ=",
        "created_at": "2020-11-12T14:15:48.832Z",
        "keranjang": "57e7ad1b-4420-4419-8fe6-1f6c005ecd9c",
        "groups": [],
        "user_permissions": []
    }
},
{
    "model": "website.user",
    "pk": "737d3170-835f-4d82-835a-ada8a5114920",
    "fields": {
        "last_login": "2020-10-27T05:59:28.669Z",
        "is_superuser": false,
        "is_staff": false,
        "is_active": true,
        "date_joined": "2020-10-26T02:53:59.116Z",
        "email": "user1",
        "first_name": "user1",
        "last_name": null,
        "hp": "0812345",
        "password": "pbkdf2_sha256$216000$HyRYJbzGnOaH$F9hdLpbHr3XzjzNlc9pYtZJO7zV/c76FMAaYHuZUA9o=",
        "created_at": "2020-10-27T04:13:55.137Z",
        "keranjang": "5f45c127-a4a5-488a-991c-192bf827b683",
        "groups": [],
        "user_permissions": []
    }
},
{
    "model": "website.user",
    "pk": "c0b51a84-c475-4b9d-a762-5bd54258fcfd",
    "fields": {
        "last_login": "2020-11-12T02:30:15.107Z",
        "is_superuser": true,
        "is_staff": true,
        "is_active": true,
        "date_joined": "2020-10-25T06:15:22.208Z",
        "email": "admin",
        "first_name": "",
        "last_name": "",
        "hp": "",
        "password": "pbkdf2_sha256$216000$tDaUcByVfFuY$YRUOuAfXJXpm1CJQNPXOlieKePdwb/Xta8y0D/vrLgw=",
        "created_at": "2020-10-27T04:13:55.137Z",
        "keranjang": "4ba3298c-d2b6-4c6d-80ed-56cbce974b83",
        "groups": [],
        "user_permissions": []
    }
},
{
    "model": "website.user",
    "pk": "d1841d4e-a1a3-4de1-8131-657959a9f914",
    "fields": {
        "last_login": "2020-10-27T04:28:46.225Z",
        "is_superuser": false,
        "is_staff": false,
        "is_active": true,
        "date_joined": "2020-10-27T04:28:45.568Z",
        "email": "user2@gmail.com",
        "first_name": "User2",
        "last_name": "aaaaa",
        "hp": "08123456",
        "password": "pbkdf2_sha256$216000$4652UswH3rnq$iD5KsHkNkNZ0skP+x8RJKMBE/LNSKgHA7bBvAxKkqsI=",
        "created_at": "2020-10-27T04:28:45.864Z",
        "keranjang": "c3acd143-b25c-40f9-bbe5-1ded94239947",
        "groups": [],
        "user_permissions": []
    }
},
{
    "model": "website.kategori",
    "pk": "560f698e-712c-45ac-aae8-4df5f1517b50",
    "fields": {
        "nama_kategori": "Prangko"
    }
},
{
    "model": "website.kategori",
    "pk": "6835d27f-3e8d-4516-8b6e-010cb57ed003",
    "fields": {
        "nama_kategori": "Materai"
    }
},
{
    "model": "website.produk",
    "pk": "1d109e1d-4666-47a7-8770-30449528128e",
    "fields": {
        "kategori": "560f698e-712c-45ac-aae8-4df5f1517b50",
        "nama_produk": "Prangko Andong 1000",
        "harga": 6000,
        "deskripsi": "Prangko Andong 1000 tahun 2001",
        "stok": 25,
        "foto": "images/produk/103fb2da838e46e1b129299da3cb5713.jpg",
        "created_at": "2020-10-25T08:47:01.927Z",
        "updated_at": "2020-10-25T08:47:01.927Z"
    }
},
{
    "model": "website.produk",
    "pk": "2df270f3-a3e9-41c0-a79b-2f8c5cdfa950",
    "fields": {
        "kategori": "560f698e-712c-45ac-aae8-4df5f1517b50",
        "nama_produk": "Prangko Dilan",
        "harga": 8000,
        "deskripsi": "Prangko Dilan tahun 2018",
        "stok": 50,
        "foto": "images/produk/60c178045c2c498691bb96557385cfb5.jpg",
        "created_at": "2020-10-25T08:43:11.200Z",
        "updated_at": "2020-10-25T08:46:09.474Z"
    }
},
{
    "model": "website.produk",
    "pk": "3cda9381-434e-44c2-9bf8-a4ef5f2b8a31",
    "fields": {
        "kategori": "560f698e-712c-45ac-aae8-4df5f1517b50",
        "nama_produk": "Prangko keraton",
        "harga": 7500,
        "deskripsi": "Prangko Keraton Ratu Boko",
        "stok": 182,
        "foto": "images/produk/8c0fed1cd92e4c63bcdf4c43916e74d8.jpg",
        "created_at": "2020-10-25T08:44:09.868Z",
        "updated_at": "2020-10-27T04:34:09.581Z"
    }
},
{
    "model": "website.produk",
    "pk": "9af0b44c-36e0-48bd-bbc9-cb63bbdb47e3",
    "fields": {
        "kategori": "560f698e-712c-45ac-aae8-4df5f1517b50",
        "nama_produk": "Prangko Presiden & Wakil Presiden 2020",
        "harga": 8000,
        "deskripsi": "Prangko Presiden Jokowi & Wakil Presiden Ma'ruf Amin",
        "stok": 14,
        "foto": "images/produk/6e755153efb64bbbbaf86bc13a247339.jpg",
        "created_at": "2020-10-27T02:01:48.078Z",
        "updated_at": "2020-10-27T06:01:50.899Z"
    }
},
{
    "model": "website.produk",
    "pk": "c4bcb14b-15c9-4f57-aa8b-9e54793c14be",
    "fields": {
        "kategori": "6835d27f-3e8d-4516-8b6e-010cb57ed003",
        "nama_produk": "Materai 6000",
        "harga": 6500,
        "deskripsi": "Materai 6000",
        "stok": 1999,
        "foto": "images/produk/0b52f89179c54b87b3cf4c9142098c89.jpg",
        "created_at": "2020-10-25T08:47:28.675Z",
        "updated_at": "2020-10-27T02:25:43.835Z"
    }
},
{
    "model": "website.produk",
    "pk": "de655c10-02d2-4cf7-964e-cda857c90984",
    "fields": {
        "kategori": "6835d27f-3e8d-4516-8b6e-010cb57ed003",
        "nama_produk": "Materai 3000",
        "harga": 3000,
        "deskripsi": "Materai 3000",
        "stok": 45,
        "foto": "images/produk/4e98b00878f54a2eb249d84f8095fb56.jpeg",
        "created_at": "2020-10-25T08:45:58.443Z",
        "updated_at": "2020-10-27T02:25:43.786Z"
    }
},
{
    "model": "website.produk",
    "pk": "e41e18a9-0d7f-4b0d-99ac-09fab42771fe",
    "fields": {
        "kategori": "560f698e-712c-45ac-aae8-4df5f1517b50",
        "nama_produk": "Prangko Asian Games 2018",
        "harga": 10000,
        "deskripsi": ".....",
        "stok": 25,
        "foto": "images/produk/6cbdcd6a22e84d50a5ece44ffccf4269.jpg",
        "created_at": "2020-10-27T02:06:56.180Z",
        "updated_at": "2020-10-27T02:06:56.180Z"
    }
},
{
    "model": "website.isikeranjang",
    "pk": "128bfa53-a0ca-487d-ac64-2c05a892703d",
    "fields": {
        "keranjang": "4ba3298c-d2b6-4c6d-80ed-56cbce974b83",
        "produk": "3cda9381-434e-44c2-9bf8-a4ef5f2b8a31",
        "qty": 1,
        "subtotal": 7500,
        "created_at": "2020-10-25T15:05:19.726Z",
        "updated_at": "2020-10-25T15:05:19.726Z"
    }
},
{
    "model": "website.isikeranjang",
    "pk": "6fc57be5-77c1-4766-aaf0-eda76cbda92d",
    "fields": {
        "keranjang": "5f45c127-a4a5-488a-991c-192bf827b683",
        "produk": "c4bcb14b-15c9-4f57-aa8b-9e54793c14be",
        "qty": 1,
        "subtotal": 6500,
        "created_at": "2020-10-27T06:07:02.579Z",
        "updated_at": "2020-10-27T06:07:02.579Z"
    }
},
{
    "model": "website.isikeranjang",
    "pk": "881b7398-180a-47d9-b652-4014bd8f94c2",
    "fields": {
        "keranjang": "5f45c127-a4a5-488a-991c-192bf827b683",
        "produk": "9af0b44c-36e0-48bd-bbc9-cb63bbdb47e3",
        "qty": 1,
        "subtotal": 8000,
        "created_at": "2020-10-27T06:06:48.378Z",
        "updated_at": "2020-10-27T06:06:48.378Z"
    }
},
{
    "model": "website.isikeranjang",
    "pk": "bb0d4591-9a42-47c3-922f-623e80dc265b",
    "fields": {
        "keranjang": "5f45c127-a4a5-488a-991c-192bf827b683",
        "produk": "de655c10-02d2-4cf7-964e-cda857c90984",
        "qty": 31,
        "subtotal": 93000,
        "created_at": "2020-10-27T06:07:06.634Z",
        "updated_at": "2020-10-27T06:07:25.229Z"
    }
},
{
    "model": "website.isikeranjang",
    "pk": "c352fdd9-d372-423d-a804-77f1d48fa737",
    "fields": {
        "keranjang": "4ba3298c-d2b6-4c6d-80ed-56cbce974b83",
        "produk": "c4bcb14b-15c9-4f57-aa8b-9e54793c14be",
        "qty": 1,
        "subtotal": 6500,
        "created_at": "2020-11-13T03:03:32.719Z",
        "updated_at": "2020-11-13T03:03:32.719Z"
    }
},
{
    "model": "website.metodepembayaran",
    "pk": "86d6343a-fb58-4681-9f68-26e926a2cb85",
    "fields": {
        "nama_metode": "Pos Giro Mobile",
        "deskripsi": "Pos Giro Mobile"
    }
},
{
    "model": "website.metodepembayaran",
    "pk": "f0a39c2c-5e14-4d93-ae95-803c62c8a8c9",
    "fields": {
        "nama_metode": "Tunai",
        "deskripsi": "Pembayaran tunai di kantor pos."
    }
},
{
    "model": "website.order",
    "pk": "18424458-5e20-4f67-a94f-0d72e13c16d2",
    "fields": {
        "kode": "C539E3D9D38E",
        "user": "737d3170-835f-4d82-835a-ada8a5114920",
        "metode_pembayaran": "86d6343a-fb58-4681-9f68-26e926a2cb85",
        "nama_penerima": "user1",
        "telepon_penerima": "0812345",
        "alamat_pengiriman": "j",
        "subtotal": 8000,
        "ongkos_kirim": 10000,
        "total": 18000,
        "status_pembayaran": 2,
        "jumlah_item": 1,
        "kantorpos": "85e421b1-8318-4437-a961-e7b226110e1e",
        "created_at": "2020-10-27T06:01:50.849Z",
        "bukti_pembayaran": "images/bukti_pembayaran/35dc60a2fd39458e97bfdcf0ba01ca0c.jpg",
        "uploaded_at": "2020-10-27T06:03:16Z"
    }
},
{
    "model": "website.order",
    "pk": "58110850-e487-45b2-8d88-c0d6c2ba9a4e",
    "fields": {
        "kode": "C0E8FF74E2C0",
        "user": "737d3170-835f-4d82-835a-ada8a5114920",
        "metode_pembayaran": "86d6343a-fb58-4681-9f68-26e926a2cb85",
        "nama_penerima": "user1",
        "telepon_penerima": "0812345",
        "alamat_pengiriman": "Alamat",
        "subtotal": 171500,
        "ongkos_kirim": 10000,
        "total": 181500,
        "status_pembayaran": 0,
        "jumlah_item": 56,
        "kantorpos": "85e421b1-8318-4437-a961-e7b226110e1e",
        "created_at": "2020-10-27T02:25:43.724Z",
        "bukti_pembayaran": "",
        "uploaded_at": null
    }
},
{
    "model": "website.order",
    "pk": "83ee1a8c-cd7a-4d85-9913-a3a302347630",
    "fields": {
        "kode": "614E92F4ED2E",
        "user": "737d3170-835f-4d82-835a-ada8a5114920",
        "metode_pembayaran": "86d6343a-fb58-4681-9f68-26e926a2cb85",
        "nama_penerima": "user1",
        "telepon_penerima": "0812345",
        "alamat_pengiriman": "Alamatttt",
        "subtotal": 42000,
        "ongkos_kirim": 10000,
        "total": 52000,
        "status_pembayaran": 0,
        "jumlah_item": 6,
        "kantorpos": "e224b8f2-c379-4a55-9386-20dafa7c273b",
        "created_at": "2020-10-26T14:41:58.881Z",
        "bukti_pembayaran": "",
        "uploaded_at": null
    }
},
{
    "model": "website.order",
    "pk": "a3be3679-f2de-483a-8289-9f58d917d23a",
    "fields": {
        "kode": "6EE97C4A8B07",
        "user": "737d3170-835f-4d82-835a-ada8a5114920",
        "metode_pembayaran": "86d6343a-fb58-4681-9f68-26e926a2cb85",
        "nama_penerima": "user1",
        "telepon_penerima": "0812345",
        "alamat_pengiriman": "alamat",
        "subtotal": 77000,
        "ongkos_kirim": 10000,
        "total": 87000,
        "status_pembayaran": 2,
        "jumlah_item": 10,
        "kantorpos": "85e421b1-8318-4437-a961-e7b226110e1e",
        "created_at": "2020-10-26T04:42:41.314Z",
        "bukti_pembayaran": "images/bukti_pembayaran/7330e5a9edda44ab9cd09b6bf746693d.jpeg",
        "uploaded_at": "2020-10-26T15:13:27Z"
    }
},
{
    "model": "website.order",
    "pk": "cd1855ad-01f1-40fb-8bb0-2df5f034c986",
    "fields": {
        "kode": "FDBB2E575C83",
        "user": "d1841d4e-a1a3-4de1-8131-657959a9f914",
        "metode_pembayaran": "86d6343a-fb58-4681-9f68-26e926a2cb85",
        "nama_penerima": "User2",
        "telepon_penerima": "08123456",
        "alamat_pengiriman": "Alamat222",
        "subtotal": 175000,
        "ongkos_kirim": 10000,
        "total": 185000,
        "status_pembayaran": 2,
        "jumlah_item": 23,
        "kantorpos": "85e421b1-8318-4437-a961-e7b226110e1e",
        "created_at": "2020-10-27T04:34:09.515Z",
        "bukti_pembayaran": "images/bukti_pembayaran/7f1cc8e87f314e3699b809c191cabb48.jpg",
        "uploaded_at": "2020-10-27T04:34:38Z"
    }
},
{
    "model": "website.detailorder",
    "pk": "0ae84563-08b1-488d-96c9-993ee3ecd808",
    "fields": {
        "order": "a3be3679-f2de-483a-8289-9f58d917d23a",
        "produk": "3cda9381-434e-44c2-9bf8-a4ef5f2b8a31",
        "qty": 3,
        "subtotal": 22500,
        "created_at": "2020-10-26T04:42:41.379Z"
    }
},
{
    "model": "website.detailorder",
    "pk": "15d876ad-7e5b-42bd-baa4-b413c75abdb6",
    "fields": {
        "order": "83ee1a8c-cd7a-4d85-9913-a3a302347630",
        "produk": "c4bcb14b-15c9-4f57-aa8b-9e54793c14be",
        "qty": 3,
        "subtotal": 19500,
        "created_at": "2020-10-26T14:41:58.949Z"
    }
},
{
    "model": "website.detailorder",
    "pk": "34ca8920-d451-4a10-9c7e-94d49ec1a460",
    "fields": {
        "order": "58110850-e487-45b2-8d88-c0d6c2ba9a4e",
        "produk": "de655c10-02d2-4cf7-964e-cda857c90984",
        "qty": 55,
        "subtotal": 165000,
        "created_at": "2020-10-27T02:25:43.762Z"
    }
},
{
    "model": "website.detailorder",
    "pk": "3d9c13d5-1555-46b4-a751-f0c162056748",
    "fields": {
        "order": "a3be3679-f2de-483a-8289-9f58d917d23a",
        "produk": "c4bcb14b-15c9-4f57-aa8b-9e54793c14be",
        "qty": 1,
        "subtotal": 6500,
        "created_at": "2020-10-26T04:42:41.403Z"
    }
},
{
    "model": "website.detailorder",
    "pk": "7a9a51e0-8402-4632-87df-b96ad79719d4",
    "fields": {
        "order": "18424458-5e20-4f67-a94f-0d72e13c16d2",
        "produk": "9af0b44c-36e0-48bd-bbc9-cb63bbdb47e3",
        "qty": 1,
        "subtotal": 8000,
        "created_at": "2020-10-27T06:01:50.869Z"
    }
},
{
    "model": "website.detailorder",
    "pk": "a71e6574-95a4-4727-966f-46e915963b65",
    "fields": {
        "order": "cd1855ad-01f1-40fb-8bb0-2df5f034c986",
        "produk": "9af0b44c-36e0-48bd-bbc9-cb63bbdb47e3",
        "qty": 5,
        "subtotal": 40000,
        "created_at": "2020-10-27T04:34:09.547Z"
    }
},
{
    "model": "website.detailorder",
    "pk": "c060f208-d942-443c-abfd-50905b96af24",
    "fields": {
        "order": "83ee1a8c-cd7a-4d85-9913-a3a302347630",
        "produk": "3cda9381-434e-44c2-9bf8-a4ef5f2b8a31",
        "qty": 3,
        "subtotal": 22500,
        "created_at": "2020-10-26T14:41:58.917Z"
    }
},
{
    "model": "website.detailorder",
    "pk": "c0dbcbad-087c-4efa-8245-152911d4cb80",
    "fields": {
        "order": "58110850-e487-45b2-8d88-c0d6c2ba9a4e",
        "produk": "c4bcb14b-15c9-4f57-aa8b-9e54793c14be",
        "qty": 1,
        "subtotal": 6500,
        "created_at": "2020-10-27T02:25:43.813Z"
    }
},
{
    "model": "website.detailorder",
    "pk": "e82389ba-baa0-453b-88b9-f3c2ea99425f",
    "fields": {
        "order": "cd1855ad-01f1-40fb-8bb0-2df5f034c986",
        "produk": "3cda9381-434e-44c2-9bf8-a4ef5f2b8a31",
        "qty": 18,
        "subtotal": 135000,
        "created_at": "2020-10-27T04:34:09.572Z"
    }
},
{
    "model": "website.detailorder",
    "pk": "fc6f1e0f-06aa-45d0-a783-091cfa583843",
    "fields": {
        "order": "a3be3679-f2de-483a-8289-9f58d917d23a",
        "produk": "2df270f3-a3e9-41c0-a79b-2f8c5cdfa950",
        "qty": 6,
        "subtotal": 48000,
        "created_at": "2020-10-26T04:42:41.346Z"
    }
},
{
    "model": "website.properti",
    "pk": "08a0720e-3442-4e83-ada7-2dc707309c66",
    "fields": {
        "nama": "Gedung untuk Kantor IT, Bank, Asuransi",
        "deskripsi": "<b>Dekat Sarana Umum Menuju :</b>\r\n\r\n•  Pusat Perbelanjaan\r\n\r\n•  Pusat Pendidikan\r\n\r\n•  Pusat Perbankan\r\n\r\n•  Hotel Berbintang\r\n\r\n•  Rumah Sakit\r\n\r\n•  SPBU\r\n\r\n•  Rumah Ibadah\r\n\r\n•  Pintu Tol Pasteur\r\n\r\n\r\n\r\n<b>Sangat Cocok Untuk :</b>\r\n\r\n•  Kantor, Restaurant, Dealer Motor, dll.\r\n\r\n•  Investasi ( Daerah Berkembang, Banyak Perumahan/Ruko baru,)",
        "alamat": "Jln. Setiabudi",
        "luas_tanah": 770,
        "luas_bangunan": 500,
        "lantai": 1,
        "listrik": 3000,
        "harga": 250,
        "kantropos": "85e421b1-8318-4437-a961-e7b226110e1e",
        "ketersediaan": 1,
        "satuan_bayar": 2,
        "foto": "images/properti/c506f113e15a40b784338e44b39a3f49.jpeg",
        "created_at": "2020-10-27T01:58:50.549Z",
        "updated_at": "2020-11-13T03:42:05.669Z"
    }
},
{
    "model": "website.properti",
    "pk": "5c28aff0-5708-4a5b-802a-39ffabc9c21e",
    "fields": {
        "nama": "Kantor",
        "deskripsi": "------------\r\n\r\nTOWER: B\r\nL. BANGUNAN: 48 M2\r\nTINGKAT: LANTAI 19\r\nHADAP: UTARA\r\nLISTRIK: 2.200 W\r\nHARGA: 40 JUTA/TAHUN\r\nSERTIFIKAT: SH,\r\n\r\n2 KAMAR TIDUR, 1 KAMAR MANDI\r\n\r\nUntuk informasi jangan sungkan untuk menghubungi saya. Dengan senang hati membantu Anda\r\n\r\nSpecification:\r\n Listing ID: 295391\r\n Building Size : 48m2\r\n Land Size : 0m2\r\n Listing Date: 12 Nov 2020\r\n Harga Sewa",
        "alamat": "Jln. Soekarno Hatta",
        "luas_tanah": 600,
        "luas_bangunan": 600,
        "lantai": 1,
        "listrik": 5000,
        "harga": 100,
        "kantropos": "85e421b1-8318-4437-a961-e7b226110e1e",
        "ketersediaan": 1,
        "satuan_bayar": 2,
        "foto": "images/properti/bf65eb297f234fa6ad10484de1b6e105.jpg",
        "created_at": "2020-10-27T02:03:06.900Z",
        "updated_at": "2020-11-13T03:20:35.689Z"
    }
},
{
    "model": "website.properti",
    "pk": "7dfcd6cc-9a56-446e-9ce6-7a18cf6077b9",
    "fields": {
        "nama": "Event Space",
        "deskripsi": "<b>Fasilitas :</b>\r\n\r\nPemakaian ruang selama 8 jam, 400 kursi, 12 kursi VIP, 4 Meja VIP, 1 Screen Projector dan Sound System dengan 4 Microphone & 2 Wireless Mic.",
        "alamat": "Jln. Setiabudi",
        "luas_tanah": 600,
        "luas_bangunan": 600,
        "lantai": 1,
        "listrik": 4000,
        "harga": 88,
        "kantropos": "85e421b1-8318-4437-a961-e7b226110e1e",
        "ketersediaan": 1,
        "satuan_bayar": 0,
        "foto": "images/properti/16326011adb344198cc228cb946ae778.jpg",
        "created_at": "2020-10-27T02:08:47.705Z",
        "updated_at": "2020-11-13T02:14:45.921Z"
    }
},
{
    "model": "website.properti",
    "pk": "cbcaff4d-e8a0-4e7f-a44c-08fd0c734772",
    "fields": {
        "nama": "Gedung Serbaguna",
        "deskripsi": "Ruang dengan air condition\r\nGrand Ballroom Full Karpet\r\nPilihan menu prasmanan\r\n2 (dua) set meja resepsi\r\n6 (enam) buah buku tamu\r\n1 (satu) ruang tunggu pengantin\r\n2 (dua) ruang persiapan untuk panitia\r\n3 (tiga) ruang rias panitia\r\nSound System Standard untuk MC\r\nPanggung Musik ukuran 4m x 4m tinggi 40cm\r\nListrik sebesar 10.000 watt\r\nVoucher parkir untuk keluarga 50 (lima puluh) lembar\r\nTechnical Meeting 1x sebelum acara dengan fasilitas teh dan\r\nkopi untuk 30 orang",
        "alamat": "Jln. Sudirman",
        "luas_tanah": 300,
        "luas_bangunan": 220,
        "lantai": 1,
        "listrik": 2000,
        "harga": 210,
        "kantropos": "85e421b1-8318-4437-a961-e7b226110e1e",
        "ketersediaan": 1,
        "satuan_bayar": 0,
        "foto": "images/properti/819686c458804538ab8cae76ceccb485.jpg",
        "created_at": "2020-10-25T12:56:27.471Z",
        "updated_at": "2020-10-25T12:56:27.471Z"
    }
}
]
